Model,Accuracy,Precision,Recall,F1_Score
Naive Bayes,0.7785817655571635,0.7843304295925607,0.7785817655571635,0.7789643575364953
Logistic Regression,0.7771345875542692,0.7775506428005617,0.7771345875542692,0.7770657528685083
SVM (LinearSVC),0.7626628075253257,0.7639647139561333,0.7626628075253257,0.7626736788884687
Random Forest,0.7655571635311144,0.7660586967021451,0.7655571635311144,0.7646188094726354
XGBoost,0.7496382054992764,0.7620515812131688,0.7496382054992764,0.7502940777343705
