Model,Accuracy,Precision,Recall,F1_Score
Naive Bayes,0.781,0.7812839247485264,0.781,0.7804090765516171
Logistic Regression,0.821,0.8217567402508995,0.821,0.8213116743410607
SVM (LinearSVC),0.828,0.8283861394804676,0.828,0.8281154203691046
Random Forest,0.822,0.8216286049953891,0.822,0.821302130143408
XGBoost,0.765,0.776376439939371,0.765,0.765292598940656
