{
  "model_name": "SVM (LinearSVC)",
  "accuracy": 0.825,
  "f1_score": 0.8249936872913256,
  "cv_mean": 0.8479081081081082,
  "cv_std": 0.008732142034961006,
  "best_params": {
    "C": "0.5"
  },
  "n_features": 3000,
  "n_samples": 4997,
  "labels": [
    "negative",
    "positive",
    "neutral"
  ]
}